chr	pos	rsid	pval
2	101973286	rs11677377	0.62326
2	101979822	rs10166863	0.7207
2	101983662	rs4352251	0.39256
2	101986361	rs3923053	0.38919
2	101988471	rs7572740	0.47796
2	101991907	rs10186962	0.86339
2	101997738	rs9308846	0.5201
2	102010609	rs7559792	0.32015
2	102017812	rs908123	0.24234
2	102018908	rs2175968	0.30091
2	102020770	rs7577705	0.63659
2	102029646	rs12620464	0.64828
2	102035760	rs958790	0.63211
2	102043212	rs6543045	0.045846
2	102045328	rs6543047	0.50308
2	102045607	rs17025577	0.40392
2	102047620	rs2037080	0.12142
2	102050264	rs4851439	0.13345
2	102053439	rs6732292	0.48799
2	102059797	rs12712101	0.60967
2	102064595	rs4851447	0.15627
2	102065501	rs11682765	0.19142
2	102077378	rs2871423	0.79176
2	102089738	rs6707298	0.65647
2	102095080	rs10183203	0.63733
2	102118712	rs1110947	0.72835
2	102126220	rs290772	0.17948
2	102129420	rs1995826	0.88877
2	102144531	rs1703854	0.32649
2	102160442	rs7575166	0.20999
2	102166870	rs4308140	0.63674
2	102167911	rs17195147	0.69947
2	102176693	rs7607789	0.38876
2	102178524	rs7589339	0.6896
2	102178726	rs11687533	0.40629
2	102179247	rs17201799	0.94608
2	102181444	rs11123891	0.49099
2	102182427	rs12466719	0.40691
2	102194026	rs3900546	0.85741
2	102205736	rs7603851	0.15869
2	102211111	rs11680510	0.45444
2	102216407	rs7420103	0.1024
2	102226016	rs7355302	0.29571
2	102227623	rs10186803	0.075679
2	102233731	rs6543081	0.48197
2	102234065	rs6720988	0.47423
2	102234608	rs7569386	0.19707
2	102243788	rs11687570	0.090006
2	102243860	rs6755294	0.20143
2	102247207	rs2310116	0.22181
2	102248081	rs10496354	0.35041
2	102252504	rs1876802	0.1359
2	102255114	rs10496357	0.11314
2	102261596	rs4851475	0.58106
2	102267078	rs2136435	0.016717
2	102267257	rs13407493	0.9835
2	102274098	rs4851484	0.0041203
2	102288186	rs4280476	0.043545
2	102288373	rs10496358	0.11052
2	102290829	rs1509498	0.1102
2	102294890	rs6543085	0.021526
2	102302978	rs4851487	0.026534
2	102309520	rs12465765	0.04106
2	102315057	rs1567385	0.69461
2	102325324	rs11674694	0.029049
2	102343062	rs6543092	0.011898
2	102345345	rs12476979	0.030571
2	102359923	rs4384813	0.63944
2	102372131	rs6543094	0.12564
2	102374959	rs11123901	0.0082634
2	102403171	rs4616501	0.012311
2	102408327	rs10191330	0.56207
2	102421978	rs6732726	0.033928
2	102432368	rs4851502	0.029086
2	102445645	rs17026163	0.31229
2	102456846	rs1859712	0.94673
2	102467321	rs972372	0.79665
2	102467816	rs2108196	0.55464
2	102472459	rs1139583	0.49017
2	102478352	rs13425874	0.49323
2	102511881	rs7560764	0.79179
2	102517374	rs2871432	0.26542
2	102520528	rs6720836	0.24229
2	102525387	rs9308849	0.77444
2	102529761	rs2310144	0.2323
2	102533882	rs7603475	0.26677
2	102535941	rs13011687	0.93748
2	102538268	rs12470621	0.76796
2	102542687	rs2214890	0.2268
2	102546801	rs2056400	0.10953
2	102560794	rs12185627	0.7906
2	102562344	rs1541435	0.83068
2	102563534	rs1541434	0.59711
2	102574720	rs1019033	0.1456
2	102576098	rs2190360	0.11309
2	102581224	rs2190358	0.56715
2	102585891	rs6742301	0.4014
2	102597091	rs6726051	0.38962
2	102600169	rs740044	0.23665
2	102601393	rs4851519	0.66493
2	102604649	rs12467316	0.031785
2	102606526	rs4141134	0.0040918
2	102610275	rs4851520	0.065389
2	102610642	rs11123902	0.019554
2	102610721	rs11886877	0.15211
2	102610828	rs4851522	0.15689
2	102612850	rs2871444	0.1094
2	102613581	rs1108338	0.093931
2	102613895	rs35252180	0.27431
2	102614037	rs28688254	0.12579
2	102615279	rs2071008	0.013637
2	102616745	rs33987946	0.16517
2	102616978	rs7561191	0.024804
2	102616995	rs7570441	0.0446
2	102617204	rs7561460	0.035638
2	102618370	rs4851526	0.029349
2	102620729	rs17026386	0.4487
2	102622376	rs4851527	0.01077
2	102622818	rs3755482	0.2511
2	102623875	rs719248	0.016089
2	102624786	rs2302589	0.46202
2	102625880	rs2236930	0.82013
2	102630273	rs3218883	0.4904
2	102631652	rs3218896	0.65765
2	102631673	rs2073492	0.84848
2	102631873	rs2073491	0.45753
2	102632023	rs2282746	0.41648
2	102632064	rs2282745	0.65962
2	102632183	rs2282744	0.47022
2	102632201	rs2282743	0.50346
2	102632797	rs3218903	0.72039
2	102632945	rs3218906	0.43808
2	102633347	rs3218911	0.50647
2	102634005	rs3218920	0.54459
2	102635573	rs2236923	0.4697
2	102635899	rs2072482	0.4221
2	102635931	rs2072481	0.47712
2	102636348	rs2072479	0.4839
2	102636526	rs2072478	0.73448
2	102636759	rs2072477	0.53636
2	102636864	rs2072476	0.51877
2	102638939	rs2072475	0.74599
2	102639209	rs2072474	0.62939
2	102641201	rs3218977	0.049967
2	102642166	rs3218980	0.18736
2	102642495	rs2072473	0.7883
2	102643019	rs2072472	0.183
2	102643525	rs733498	0.80897
2	102644461	rs3218984	0.17515
2	102646391	rs7589525	0.18427
2	102648609	rs4851531	0.27507
2	102658632	rs13020571	0.045067
2	102659753	rs4850995	0.72241
2	102663628	rs2310173	0.024
2	102665552	rs7607548	0.069575
2	102670809	rs2310175	0.7737
2	102671067	rs11123905	0.30241
2	102675425	rs888002	0.17031
2	102675594	rs888001	0.20889
2	102677765	rs12623383	0.60795
2	102678709	rs6748538	0.12864
2	102683386	rs868251	0.42884
2	102683452	rs868252	0.097432
2	102685411	rs6755229	0.12325
2	102687105	rs17766515	0.63491
2	102688158	rs10203724	0.79913
2	102688272	rs10203841	0.55656
2	102688853	rs17026582	0.0015942
2	102690578	rs7569218	0.032246
2	102690727	rs12624116	0.91318
2	102691310	rs1558644	0.9429
2	102698360	rs2041751	0.025566
2	102698604	rs17026585	0.62237
2	102711031	rs933493	0.66333
2	102716591	rs963399	0.92946
2	102717337	rs10490571	0.05968
2	102723017	rs13029804	0.54781
2	102723094	rs6729953	0.22955
2	102726661	rs12712127	0.20956
2	102730307	rs887998	0.53441
2	102738164	rs6727859	0.00076725
2	102738545	rs6713468	0.39549
2	102738785	rs10172039	0.00039558
2	102740459	rs4851541	0.18258
2	102741718	rs12619383	5.8184e-05
2	102743180	rs2310186	0.00084589
2	102746083	rs4851543	0.18637
2	102751650	rs6759556	0.71062
2	102757862	rs34757365	0.00023622
2	102758116	rs956730	0.24311
2	102758668	rs10168222	0.034733
2	102760718	rs7580384	0.22331
2	102761240	rs11883987	0.0079027
2	102761538	rs11123911	0.022444
2	102761767	rs4851547	0.22096
2	102763194	rs10187031	0.00022972
2	102763210	rs13001315	0.020098
2	102763837	rs13035227	0.020629
2	102763960	rs1558642	0.8727
2	102764294	rs2110727	0.00010372
2	102764778	rs6754776	0.054544
2	102765017	rs4851000	0.24344
2	102765441	rs10208708	0.012449
2	102765500	rs10184523	0.00033369
2	102765865	rs1558641	9.3976e-05
2	102765878	rs1558640	6.0379e-05
2	102766632	rs35318065	0.00038518
2	102769302	rs3917225	0.20073
2	102769786	rs949963	0.00085224
2	102770738	rs2287049	0.36169
2	102771293	rs3917335	0.34068
2	102771341	rs871657	0.00076178
2	102773999	rs2287048	0.00011367
2	102774054	rs2287047	0.27918
2	102776518	rs3917254	0.040131
2	102778461	rs3917265	0.29132
2	102781629	rs3917286	0.91897
2	102781911	rs3917289	0.57189
2	102783052	rs3917292	0.89452
2	102783355	rs2160227	0.0085922
2	102784833	rs3917296	0.00061168
2	102785142	rs3213736	0.61417
2	102785799	rs951193	0.80375
2	102786964	rs3917301	0.79327
2	102788125	rs3917304	0.0077929
2	102788774	rs3771200	0.29577
2	102791086	rs28362304	0.87707
2	102791381	rs3171845	0.61828
2	102792760	rs3917318	0.0081206
2	102792875	rs3917320	0.011664
2	102794217	rs3732134	0.4747
2	102794278	rs3732133	0.62338
2	102794282	rs2110726	0.34841
2	102794603	rs3732131	0.46717
2	102795863	rs3917329	0.81269
2	102799152	rs6744454	0.45411
2	102801478	rs1030021	0.0090997
2	102816695	rs12474258	0.00082416
2	102822879	rs1922296	0.18018
2	102827243	rs1922289	0.11884
2	102827496	rs11686153	0.1117
2	102835909	rs1922294	0.4091
2	102840348	rs3771188	0.43752
2	102840507	rs3771185	0.10477
2	102844020	rs3755285	0.02285
2	102849081	rs955754	0.012417
2	102851708	rs2302612	0.015798
2	102851837	rs4851561	0.73797
2	102852866	rs2287041	0.56589
2	102854054	rs7583215	0.55767
2	102855065	rs11692230	0.0010281
2	102855241	rs6752467	0.95794
2	102855298	rs6752589	0.89701
2	102858921	rs10178214	0.00024057
2	102862164	rs1558625	0.51968
2	102862641	rs1035131	0.067852
2	102866273	rs12712133	0.57315
2	102874385	rs1420092	0.56776
2	102878891	rs12475055	0.0069137
2	102880823	rs11123915	0.5296
2	102887128	rs11674302	1.3116e-06
2	102895784	rs12469892	0.42922
2	102903827	rs6747153	0.40457
2	102909277	rs4851003	0.97099
2	102912664	rs951774	0.21931
2	102914654	rs10515922	0.10513
2	102915662	rs11693697	0.94331
2	102917788	rs4399750	0.96085
2	102926981	rs11685424	0.91035
2	102938389	rs1420089	0.85699
2	102952360	rs17026974	0.0018278
2	102954653	rs13431828	2.0253e-07
2	102955468	rs1041973	0.00065775
2	102957716	rs1420101	2.3787e-05
2	102959260	rs12999517	0.093867
2	102961929	rs1946131	0.068421
2	102966067	rs1921622	0.012347
2	102968212	rs10204137	5.102e-09
2	102968356	rs10192157	9.3171e-09
2	102968362	rs10206753	6.8407e-09
2	102971865	rs13015714	0.050825
2	102974417	rs12998521	3.2938e-05
2	102981018	rs10515921	0.0012964
2	102986222	rs3771166	3.4118e-09
2	102987213	rs11465597	0.11188
2	102997884	rs3213733	0.00021917
2	103001402	rs1035130	0.00098674
2	103009537	rs4851004	4.833e-08
2	103011237	rs2287033	3.1765e-08
2	103015687	rs1420094	2.6506e-08
2	103039929	rs2272128	0.034205
2	103042712	rs3755266	1.0178e-08
2	103049074	rs2310300	1.6196e-08
2	103056534	rs10490204	0.00020205
2	103057043	rs17027173	0.001913
2	103060851	rs3771150	0.00017286
2	103066858	rs11465730	0.56705
2	103067823	rs11465732	0.0014869
2	103068156	rs917998	0.47883
2	103069631	rs6741230	0.0017935
2	103070568	rs917997	0.030558
2	103072220	rs11886793	0.0074088
2	103076426	rs11690532	0.0004719
2	103082906	rs2141781	0.0073759
2	103090127	rs17027255	0.00015981
2	103092021	rs1468791	0.027399
2	103092270	rs13018263	7.7514e-05
2	103092441	rs1468790	0.3216
2	103092513	rs1468788	0.07129
2	103094213	rs759382	0.091172
2	103096695	rs6543146	0.028792
2	103098474	rs1523198	0.00086452
2	103098676	rs2140316	0.085951
2	103098793	rs6737325	0.63129
2	103100219	rs6543148	0.56674
2	103103289	rs10207579	0.011669
2	103110375	rs1403548	0.00046985
2	103113983	rs6543150	0.0014094
2	103114334	rs6543154	0.0014518
2	103114895	rs6543155	0.0014493
2	103115568	rs11123934	0.0018639
2	103115838	rs12987295	0.00079889
2	103116150	rs6543156	0.76948
2	103116223	rs4851600	0.012083
2	103116305	rs4851602	0.038928
2	103117268	rs6728288	0.016264
2	103117283	rs6741235	0.002575
2	103118299	rs2075191	0.00094894
2	103118689	rs2075189	0.024536
2	103118881	rs4851604	0.015997
2	103120483	rs7601773	0.09264
2	103120769	rs4851017	0.00092498
2	103120868	rs4851605	0.00098317
2	103121536	rs7605606	0.13634
2	103123301	rs13019784	0.032448
2	103123965	rs6708949	0.097002
2	103125632	rs4851607	0.073089
2	103125984	rs4851608	0.14788
2	103126539	rs11688802	0.36188
2	103128866	rs4851609	0.033326
2	103134652	rs4851610	0.14744
2	103135637	rs1523204	0.13768
2	103136446	rs1403551	0.03415
2	103137880	rs4851612	0.94672
2	103137990	rs4851613	0.033643
2	103138761	rs6750851	0.036213
2	103138825	rs6750971	0.030063
2	103138836	rs17027352	0.47087
2	103140398	rs4851614	0.2954
2	103140472	rs1357471	0.29881
2	103140723	rs1558653	0.56167
2	103141447	rs2015478	0.27966
2	103145426	rs1005043	0.30315
2	103146999	rs4851615	0.14683
2	103148169	rs741285	0.29001
2	103149100	rs1014286	0.31146
2	103149182	rs2008157	0.2977
2	103151109	rs6737119	0.3041
2	103155069	rs6761291	0.13475
2	103163700	rs1523196	0.12094
2	103167757	rs11123936	0.49839
2	103168977	rs10193009	0.27308
2	103173059	rs2005881	0.031019
2	103176411	rs4851619	0.037499
2	103205175	rs17027517	0.042115
2	103208610	rs1861229	0.015159
2	103208945	rs1861228	0.0010849
2	103210221	rs7573475	0.040483
2	103211442	rs17027547	0.043287
2	103213050	rs7593772	0.18928
2	103213458	rs957404	0.20024
2	103216172	rs6725806	0.39938
2	103231388	rs13011360	0.12894
2	103232093	rs6708609	0.056429
2	103232630	rs2058612	0.075398
2	103235312	rs3806581	0.23021
2	103239988	rs1008397	0.17739
2	103245025	rs1016160	0.45759
2	103247911	rs2215946	0.12103
2	103251554	rs2192669	0.19125
2	103251927	rs17775170	0.002041
2	103252467	rs4851621	0.073109
2	103253128	rs7567133	0.024059
2	103253637	rs7567717	0.32777
2	103254682	rs12712165	0.050821
2	103256547	rs10181400	0.081151
2	103257149	rs10184340	0.094996
2	103257829	rs7576791	0.55776
2	103268442	rs4140834	0.087507
2	103268511	rs4140836	0.91423
2	103272957	rs10178585	0.061123
2	103276384	rs4851629	0.6563
2	103277619	rs7561632	0.12737
2	103279993	rs13432283	0.19026
2	103281417	rs11123944	0.25414
2	103282553	rs13402236	0.4043
2	103284157	rs4851630	0.16395
2	103287261	rs13400836	0.18023
2	103287624	rs11676285	0.19598
2	103288207	rs6729839	0.76382
2	103290639	rs4851021	0.80207
2	103297515	rs962207	0.74419
2	103298358	rs4851022	0.56862
2	103300407	rs17027748	0.87941
2	103301268	rs7608617	0.233
2	103301989	rs6543180	0.7914
2	103302367	rs11889631	0.21214
2	103313018	rs10173702	0.012956
2	103313748	rs878539	0.030323
2	103315418	rs7607987	0.001701
2	103317676	rs17776702	0.18274
2	103319476	rs4851635	0.0017019
2	103332590	rs1051783	0.043955
2	103334969	rs1052431	0.041295
2	103342438	rs17027825	0.89966
2	103349807	rs2540317	0.0018175
2	103351736	rs955915	0.0023804
2	103354751	rs2732827	0.0090537
2	103355552	rs2732829	0.3374
2	103357769	rs4467294	0.20459
2	103375408	rs2024414	0.0031149
2	103382222	rs2732842	0.0023643
2	103382425	rs2080294	0.76772
2	103388167	rs2540289	0.012941
2	103389792	rs2732846	0.13939
2	103406699	rs2732811	0.14139
2	103409627	rs2540283	0.14566
2	103409685	rs7604365	0.75629
2	103425860	rs2080291	0.069281
2	103429554	rs12472487	0.072781
2	103429696	rs2732821	0.077883
2	103445960	rs7602289	0.80436
2	103460719	rs13410064	0.30923
2	103468011	rs6759106	0.81818
2	103475598	rs870155	0.16116
2	103478635	rs12052617	0.11932
2	103487128	rs1024787	0.037762
2	103499457	rs2160205	0.033586
2	103522474	rs13009482	0.051855
2	103523908	rs887993	0.049715
2	103524931	rs887992	0.57522
2	103541715	rs2310347	0.0082554
2	103553133	rs4569500	0.94303
2	103557981	rs6738764	0.24877
2	103559294	rs4241213	0.41
2	103559677	rs13004328	0.51075
2	103566520	rs2310349	0.90162
2	103568193	rs11899727	0.31766
2	103573730	rs1878530	0.35424
2	103577435	rs2310354	0.87551
2	103582093	rs6735868	0.83485
2	103583057	rs10496361	0.46984
2	103585422	rs2242290	0.81461
2	103587575	rs956966	0.86633
2	103587775	rs10496362	0.64827
2	103593540	rs11123953	0.067684
2	103598208	rs6730289	0.071177
2	103598575	rs6543194	0.19725
2	103617979	rs7587833	0.38725
2	103624188	rs1542601	0.23522
2	103656727	rs9646945	0.36326
2	103680489	rs13402012	0.020829
2	103680790	rs13402350	0.078521
2	103686111	rs10176694	0.033252
2	103692737	rs13414788	0.09246
2	103722263	rs12386183	0.068313
2	103728170	rs817742	0.29505
2	103753030	rs6709515	0.91964
2	103756416	rs1482751	0.88392
2	103758141	rs13410351	0.87573
2	103761689	rs1881182	0.3884
2	103767612	rs1680797	0.1359
2	103770238	rs6735786	0.27026
2	103782101	rs11890542	0.69648
2	103788090	rs6726265	0.53127
2	103798217	rs1430071	0.058553
2	103816804	rs1430068	0.50502
2	103827223	rs1430067	0.43881
2	103849601	rs4851648	0.6052
2	103858181	rs7575544	0.50973
2	103869412	rs10198191	0.92838
2	103876070	rs10166841	0.47053
2	103910701	rs1430074	0.87258
2	103950575	rs10191917	0.85669
2	103971063	rs56131127	0.53078
